{"cameraMode":{"drawMode":0,"name":"Shaded","section":"Shading Mode"},"sceneLighting":true,"audioPlay":false,"sceneViewState":{"m_AlwaysRefresh":false,"showFog":true,"showSkybox":true,"showFlares":true,"showImageEffects":true,"showParticleSystems":true,"showVisualEffectGraphs":true,"m_FxEnabled":true},"in2DMode":false,"pivot":{"x":-1.3324990272521973,"y":0.7529397010803223,"z":-3.4753975868225099},"rotation":{"x":-0.09657036513090134,"y":0.892953097820282,"z":-0.23020680248737336,"w":-0.37459036707878115},"size":5.228851318359375,"orthographic":false}